survey_id,survey_date,survey_name,question_description,response_total,response_1_text,response_1_percent,response_2_text,response_2_percent,response_3_text,response_3_percent,response_4_text,response_4_percent,response_5_text,response_5_percent,response_6_text,response_6_percent,response_7_text,response_7_percent
1964,2019-04-01,"MBTA Customer Opinion Panel","How satisfied are you with the MBTA's communication overall?",1115,"Extremely Dissatisfied",.0608000000,"Very Dissatisfied",.0608000000,"Somewhat Dissatisfied",.1412000000,Neutral,.1189000000,"Somewhat Satisfied",.2393000000,"Very Satisfied",.2958000000,"Extremely Satisfied",.0526000000
1965,2019-04-01,"MBTA Customer Opinion Panel","How would you rate your most recent trip?",1111,"Extremely Dissatisfied",.0641000000,"Very Dissatisfied",.0641000000,"Somewhat Dissatisfied",.0932000000,Neutral,.1148000000,"Somewhat Satisfied",.1375000000,"Very Satisfied",.4211000000,"Extremely Satisfied",.1114000000
1966,2019-04-01,"MBTA Customer Opinion Panel","The mbta provides reliable public transportation services.",1110,"Strongly Disagree",.1043000000,Disagree,.1043000000,"Slightly Disagree",.1651000000,"Neither Agree nor Disagree",.1007000000,"Slightly Agree",.2794000000,Agree,.1962000000,"Strongly Agree",.0313000000
1967,2019-04-01,"MBTA Customer Opinion Panel","How would you rate the mbta overall?",1115,"Extremely Dissatisfied",.0567000000,"Very Dissatisfied",.0567000000,"Somewhat Dissatisfied",.1507000000,Neutral,.0926000000,"Somewhat Satisfied",.2541000000,"Very Satisfied",.3266000000,"Extremely Satisfied",.0412000000
