survey_id,survey_date,survey_name,question_description,response_total,response_1_text,response_1_percent,response_2_text,response_2_percent,response_3_text,response_3_percent,response_4_text,response_4_percent,response_5_text,response_5_percent,response_6_text,response_6_percent,response_7_text,response_7_percent
1960,2019-03-01,"MBTA Customer Opinion Panel","How would you rate your most recent trip?",1182,"Extremely Dissatisfied",.0616000000,"Very Dissatisfied",.0616000000,"Somewhat Dissatisfied",.1130000000,Neutral,.0977000000,"Somewhat Satisfied",.1469000000,"Very Satisfied",.4131000000,"Extremely Satisfied",.1059000000
1961,2019-03-01,"MBTA Customer Opinion Panel","How satisfied are you with the MBTA's communication overall?",1185,"Extremely Dissatisfied",.0515000000,"Very Dissatisfied",.0515000000,"Somewhat Dissatisfied",.1293999999,Neutral,.1352000000,"Somewhat Satisfied",.2344000000,"Very Satisfied",.2992000000,"Extremely Satisfied",.0420000000
1962,2019-03-01,"MBTA Customer Opinion Panel","How would you rate the mbta overall?",1185,"Extremely Dissatisfied",.0610000000,"Very Dissatisfied",.0610000000,"Somewhat Dissatisfied",.1415000000,Neutral,.0900000000,"Somewhat Satisfied",.2614000000,"Very Satisfied",.3032000000,"Extremely Satisfied",.0484000000
1963,2019-03-01,"MBTA Customer Opinion Panel","The mbta provides reliable public transportation services.",1180,"Strongly Disagree",.1064000000,Disagree,.1064000000,"Slightly Disagree",.1743000000,"Neither Agree nor Disagree",.1077000000,"Slightly Agree",.2781000000,Agree,.1932000000,"Strongly Agree",.0294000000
