survey_id,survey_date,survey_name,question_description,response_total,response_1_text,response_1_percent,response_2_text,response_2_percent,response_3_text,response_3_percent,response_4_text,response_4_percent,response_5_text,response_5_percent,response_6_text,response_6_percent,response_7_text,response_7_percent
1968,2019-05-01,"MBTA Customer Opinion Panel","How would you rate your most recent trip?",1044,"Extremely Dissatisfied",.0668000000,"Very Dissatisfied",.0668000000,"Somewhat Dissatisfied",.0822000000,Neutral,.0971000000,"Somewhat Satisfied",.1466000000,"Very Satisfied",.4206000000,"Extremely Satisfied",.1141000000
1969,2019-05-01,"MBTA Customer Opinion Panel","How satisfied are you with the MBTA's communication overall?",1086,"Extremely Dissatisfied",.0524000000,"Very Dissatisfied",.0524000000,"Somewhat Dissatisfied",.1277000000,Neutral,.1323999999,"Somewhat Satisfied",.2262000000,"Very Satisfied",.3032000000,"Extremely Satisfied",.0514000000
1970,2019-05-01,"MBTA Customer Opinion Panel","How would you rate the mbta overall?",1087,"Extremely Dissatisfied",.0651000000,"Very Dissatisfied",.0651000000,"Somewhat Dissatisfied",.1270000000,Neutral,.0928000000,"Somewhat Satisfied",.2294000000,"Very Satisfied",.3380000000,"Extremely Satisfied",.0519000000
1971,2019-05-01,"MBTA Customer Opinion Panel","The mbta provides reliable public transportation services.",1068,"Strongly Disagree",.1081000000,Disagree,.1081000000,"Slightly Disagree",.1646000000,"Neither Agree nor Disagree",.0965000000,"Slightly Agree",.2576999999,Agree,.2099000000,"Strongly Agree",.0376000000
