survey_id,survey_date,survey_name,question_description,response_total,response_1_text,response_1_percent,response_2_text,response_2_percent,response_3_text,response_3_percent,response_4_text,response_4_percent,response_5_text,response_5_percent,response_6_text,response_6_percent,response_7_text,response_7_percent
1956,2019-02-01,"MBTA Customer Opinion Panel","How would you rate the mbta overall?",1287,"Extremely Dissatisfied",.0588000000,"Very Dissatisfied",.0588000000,"Somewhat Dissatisfied",.1509000000,Neutral,.0874000000,"Somewhat Satisfied",.2437000000,"Very Satisfied",.3046000000,"Extremely Satisfied",.0428000000
1957,2019-02-01,"MBTA Customer Opinion Panel","How would you rate your most recent trip?",1244,"Extremely Dissatisfied",.0592000000,"Very Dissatisfied",.0592000000,"Somewhat Dissatisfied",.0889000000,Neutral,.1219000000,"Somewhat Satisfied",.1687000000,"Very Satisfied",.4015000000,"Extremely Satisfied",.0823000000
1958,2019-02-01,"MBTA Customer Opinion Panel","How satisfied are you with the MBTA's communication overall?",1287,"Extremely Dissatisfied",.0473000000,"Very Dissatisfied",.0473000000,"Somewhat Dissatisfied",.1466000000,Neutral,.1290000000,"Somewhat Satisfied",.2611000000,"Very Satisfied",.2535000000,"Extremely Satisfied",.0449000000
1959,2019-02-01,"MBTA Customer Opinion Panel","The mbta provides reliable public transportation services.",1269,"Strongly Disagree",.1243000000,Disagree,.1243000000,"Slightly Disagree",.1760000000,"Neither Agree nor Disagree",.0995000000,"Slightly Agree",.2647999999,Agree,.1747000000,"Strongly Agree",.0357000000
