survey_id,survey_date,survey_name,question_description,response_total,response_1_text,response_1_percent,response_2_text,response_2_percent,response_3_text,response_3_percent,response_4_text,response_4_percent,response_5_text,response_5_percent,response_6_text,response_6_percent,response_7_text,response_7_percent
1952,2019-01-01,"MBTA Customer Opinion Panel","How would you rate the mbta overall?",1309,"Extremely Dissatisfied",.0509000000,"Very Dissatisfied",.0509000000,"Somewhat Dissatisfied",.1154000000,Neutral,.0974000000,"Somewhat Satisfied",.2478000000,"Very Satisfied",.3413000000,"Extremely Satisfied",.0518000000
1953,2019-01-01,"MBTA Customer Opinion Panel","How satisfied are you with the MBTA's communication overall?",1308,"Extremely Dissatisfied",.0524000000,"Very Dissatisfied",.0524000000,"Somewhat Dissatisfied",.1175000000,Neutral,.1511000000,"Somewhat Satisfied",.2433000000,"Very Satisfied",.3006000000,"Extremely Satisfied",.0468000000
1954,2019-01-01,"MBTA Customer Opinion Panel","How would you rate your most recent trip?",1303,"Extremely Dissatisfied",.0648000000,"Very Dissatisfied",.0648000000,"Somewhat Dissatisfied",.0921000000,Neutral,.0935000000,"Somewhat Satisfied",.1410000000,"Very Satisfied",.4012000000,"Extremely Satisfied",.1280999999
1955,2019-01-01,"MBTA Customer Opinion Panel","The mbta provides reliable public transportation services.",1304,"Strongly Disagree",.0946000000,Disagree,.0946000000,"Slightly Disagree",.1782000000,"Neither Agree nor Disagree",.1141000000,"Slightly Agree",.2622999999,Agree,.2131000000,"Strongly Agree",.0397000000
