survey_id,survey_date,survey_name,question_description,response_total,response_1_text,response_1_percent,response_2_text,response_2_percent,response_3_text,response_3_percent,response_4_text,response_4_percent,response_5_text,response_5_percent,response_6_text,response_6_percent,response_7_text,response_7_percent
608,2018-07-01,"MBTA Customer Opinion Panel","How would you rate the mbta overall?",1878,"Extremely Dissatisfied",.0447000000,"Very Dissatisfied",.0447000000,"Somewhat Dissatisfied",.1555000000,Neutral,.0889000000,"Somewhat Satisfied",.2439000000,"Very Satisfied",.3282000000,"Extremely Satisfied",.0413000000
609,2018-07-01,"MBTA Customer Opinion Panel","How would you rate your most recent trip?",1817,"Extremely Dissatisfied",.0585000000,"Very Dissatisfied",.0585000000,"Somewhat Dissatisfied",.0881000000,Neutral,.1120000000,"Somewhat Satisfied",.1487000000,"Very Satisfied",.4206000000,"Extremely Satisfied",.1132000000
610,2018-07-01,"MBTA Customer Opinion Panel","The mbta provides reliable public transportation services.",1843,"Strongly Disagree",.1016332520,Disagree,.1016332520,"Slightly Disagree",.1854180930,"Neither Agree nor Disagree",.0885281170,"Slightly Agree",.2681173590,Agree,.1992469440,"Strongly Agree",.0263960880
1218,2018-07-01,"MBTA Customer Opinion Panel","How would you rate the mbta overall?",1878,"Extremely Dissatisfied",.0447000000,"Very Dissatisfied",.0447000000,"Somewhat Dissatisfied",.1555000000,Neutral,.0889000000,"Somewhat Satisfied",.2439000000,"Very Satisfied",.3282000000,"Extremely Satisfied",.0413000000
1219,2018-07-01,"MBTA Customer Opinion Panel","How would you rate your most recent trip?",1817,"Extremely Dissatisfied",.0585000000,"Very Dissatisfied",.0585000000,"Somewhat Dissatisfied",.0881000000,Neutral,.1120000000,"Somewhat Satisfied",.1487000000,"Very Satisfied",.4206000000,"Extremely Satisfied",.1132000000
1220,2018-07-01,"MBTA Customer Opinion Panel","The mbta provides reliable public transportation services.",1843,"Strongly Disagree",.1016332520,Disagree,.1016332520,"Slightly Disagree",.1854180930,"Neither Agree nor Disagree",.0885281170,"Slightly Agree",.2681173590,Agree,.1992469440,"Strongly Agree",.0263960880
1221,2018-07-01,"MBTA Customer Opinion Panel","How satisfied are you with the MBTA's communication overall?",1877,"Extremely Dissatisfied",.0448000000,"Very Dissatisfied",.0448000000,"Somewhat Dissatisfied",.1531000000,Neutral,.1523000000,"Somewhat Satisfied",.2342000000,"Very Satisfied",.2748000000,"Extremely Satisfied",.0429000000
1262,2018-07-01,"MBTA Customer Opinion Panel","How satisfied are you with the MBTA's communication overall?",1877,"Extremely Dissatisfied",.0448000000,"Very Dissatisfied",.0448000000,"Somewhat Dissatisfied",.1531000000,Neutral,.1523000000,"Somewhat Satisfied",.2342000000,"Very Satisfied",.2748000000,"Extremely Satisfied",.0429000000
