survey_id,survey_date,survey_name,question_description,response_total,response_1_text,response_1_percent,response_2_text,response_2_percent,response_3_text,response_3_percent,response_4_text,response_4_percent,response_5_text,response_5_percent,response_6_text,response_6_percent,response_7_text,response_7_percent
1234,2018-11-01,"MBTA Customer Opinion Panel","How would you rate the mbta overall?",1391,"Extremely Dissatisfied",.0513000000,"Very Dissatisfied",.0513000000,"Somewhat Dissatisfied",.1403000000,Neutral,.0918000000,"Somewhat Satisfied",.2707000000,"Very Satisfied",.3107000000,"Extremely Satisfied",.0359000000
1235,2018-11-01,"MBTA Customer Opinion Panel","How would you rate your most recent trip?",1324,"Extremely Dissatisfied",.0622000000,"Very Dissatisfied",.0622000000,"Somewhat Dissatisfied",.0984000000,Neutral,.1054000000,"Somewhat Satisfied",.1808000000,"Very Satisfied",.3782000000,"Extremely Satisfied",.1051000000
1236,2018-11-01,"MBTA Customer Opinion Panel","The mbta provides reliable public transportation services.",1362,"Strongly Disagree",.1041000000,Disagree,.1041000000,"Slightly Disagree",.1751000000,"Neither Agree nor Disagree",.1038000000,"Slightly Agree",.2748000000,Agree,.1775000000,"Strongly Agree",.0345000000
1237,2018-11-01,"MBTA Customer Opinion Panel","How satisfied are you with the MBTA's communication overall?",1391,"Extremely Dissatisfied",.0551000000,"Very Dissatisfied",.0551000000,"Somewhat Dissatisfied",.1160000000,Neutral,.1348000000,"Somewhat Satisfied",.2896000000,"Very Satisfied",.2704000000,"Extremely Satisfied",.0489000000
1275,2018-11-01,"MBTA Customer Opinion Panel","How would you rate the mbta overall?",1391,"Extremely Dissatisfied",.0513000000,"Very Dissatisfied",.0513000000,"Somewhat Dissatisfied",.1403000000,Neutral,.0918000000,"Somewhat Satisfied",.2707000000,"Very Satisfied",.3107000000,"Extremely Satisfied",.0359000000
1276,2018-11-01,"MBTA Customer Opinion Panel","How would you rate your most recent trip?",1324,"Extremely Dissatisfied",.0622000000,"Very Dissatisfied",.0622000000,"Somewhat Dissatisfied",.0984000000,Neutral,.1054000000,"Somewhat Satisfied",.1808000000,"Very Satisfied",.3782000000,"Extremely Satisfied",.1051000000
1277,2018-11-01,"MBTA Customer Opinion Panel","The mbta provides reliable public transportation services.",1362,"Strongly Disagree",.1041000000,Disagree,.1041000000,"Slightly Disagree",.1751000000,"Neither Agree nor Disagree",.1038000000,"Slightly Agree",.2748000000,Agree,.1775000000,"Strongly Agree",.0345000000
1278,2018-11-01,"MBTA Customer Opinion Panel","How satisfied are you with the MBTA's communication overall?",1391,"Extremely Dissatisfied",.0551000000,"Very Dissatisfied",.0551000000,"Somewhat Dissatisfied",.1160000000,Neutral,.1348000000,"Somewhat Satisfied",.2896000000,"Very Satisfied",.2704000000,"Extremely Satisfied",.0489000000
