survey_id,survey_date,survey_name,question_description,response_total,response_1_text,response_1_percent,response_2_text,response_2_percent,response_3_text,response_3_percent,response_4_text,response_4_percent,response_5_text,response_5_percent,response_6_text,response_6_percent,response_7_text,response_7_percent
1230,2018-10-01,"MBTA Customer Opinion Panel","How would you rate the mbta overall?",1489,"Extremely Dissatisfied",.0540000000,"Very Dissatisfied",.0540000000,"Somewhat Dissatisfied",.1214000000,Neutral,.0868000000,"Somewhat Satisfied",.2569000000,"Very Satisfied",.3258000000,"Extremely Satisfied",.0551000000
1231,2018-10-01,"MBTA Customer Opinion Panel","How would you rate your most recent trip?",1476,"Extremely Dissatisfied",.0581000000,"Very Dissatisfied",.0581000000,"Somewhat Dissatisfied",.1159000000,Neutral,.0993000000,"Somewhat Satisfied",.1448000000,"Very Satisfied",.3926000000,"Extremely Satisfied",.1174000000
1232,2018-10-01,"MBTA Customer Opinion Panel","The mbta provides reliable public transportation services.",1468,"Strongly Disagree",.1023000000,Disagree,.1023000000,"Slightly Disagree",.1612000000,"Neither Agree nor Disagree",.0957000000,"Slightly Agree",.2959000000,Agree,.1939000000,"Strongly Agree",.0388000000
1233,2018-10-01,"MBTA Customer Opinion Panel","How satisfied are you with the MBTA's communication overall?",1489,"Extremely Dissatisfied",.0573000000,"Very Dissatisfied",.0573000000,"Somewhat Dissatisfied",.1260000000,Neutral,.1338000000,"Somewhat Satisfied",.2526999999,"Very Satisfied",.2958000000,"Extremely Satisfied",.0489000000
1271,2018-10-01,"MBTA Customer Opinion Panel","How would you rate the mbta overall?",1489,"Extremely Dissatisfied",.0540000000,"Very Dissatisfied",.0540000000,"Somewhat Dissatisfied",.1214000000,Neutral,.0868000000,"Somewhat Satisfied",.2569000000,"Very Satisfied",.3258000000,"Extremely Satisfied",.0551000000
1272,2018-10-01,"MBTA Customer Opinion Panel","How would you rate your most recent trip?",1476,"Extremely Dissatisfied",.0581000000,"Very Dissatisfied",.0581000000,"Somewhat Dissatisfied",.1159000000,Neutral,.0993000000,"Somewhat Satisfied",.1448000000,"Very Satisfied",.3926000000,"Extremely Satisfied",.1174000000
1273,2018-10-01,"MBTA Customer Opinion Panel","The mbta provides reliable public transportation services.",1468,"Strongly Disagree",.1023000000,Disagree,.1023000000,"Slightly Disagree",.1612000000,"Neither Agree nor Disagree",.0957000000,"Slightly Agree",.2959000000,Agree,.1939000000,"Strongly Agree",.0388000000
1274,2018-10-01,"MBTA Customer Opinion Panel","How satisfied are you with the MBTA's communication overall?",1489,"Extremely Dissatisfied",.0573000000,"Very Dissatisfied",.0573000000,"Somewhat Dissatisfied",.1260000000,Neutral,.1338000000,"Somewhat Satisfied",.2526999999,"Very Satisfied",.2958000000,"Extremely Satisfied",.0489000000
