survey_id,survey_date,survey_name,question_description,response_total,response_1_text,response_1_percent,response_2_text,response_2_percent,response_3_text,response_3_percent,response_4_text,response_4_percent,response_5_text,response_5_percent,response_6_text,response_6_percent,response_7_text,response_7_percent
1222,2018-08-01,"MBTA Customer Opinion Panel","How would you rate the mbta overall?",1874,"Extremely Dissatisfied",.0538000000,"Very Dissatisfied",.0538000000,"Somewhat Dissatisfied",.1604000000,Neutral,.0939000000,"Somewhat Satisfied",.2340000000,"Very Satisfied",.3079000000,"Extremely Satisfied",.0459000000
1223,2018-08-01,"MBTA Customer Opinion Panel","How would you rate your most recent trip?",1740,"Extremely Dissatisfied",.0522000000,"Very Dissatisfied",.0522000000,"Somewhat Dissatisfied",.0867000000,Neutral,.1142000000,"Somewhat Satisfied",.1550000000,"Very Satisfied",.4115000000,"Extremely Satisfied",.1199000000
1224,2018-08-01,"MBTA Customer Opinion Panel","The mbta provides reliable public transportation services.",1549,"Strongly Disagree",.1078000000,Disagree,.1078000000,"Slightly Disagree",.1699000000,"Neither Agree nor Disagree",.0999000000,"Slightly Agree",.2528000000,Agree,.1765000000,"Strongly Agree",.0381000000
1225,2018-08-01,"MBTA Customer Opinion Panel","How satisfied are you with the MBTA's communication overall?",1873,"Extremely Dissatisfied",.0508000000,"Very Dissatisfied",.0508000000,"Somewhat Dissatisfied",.1593000000,Neutral,.1448000000,"Somewhat Satisfied",.2234000000,"Very Satisfied",.2770000000,"Extremely Satisfied",.0445000000
1263,2018-08-01,"MBTA Customer Opinion Panel","How would you rate the mbta overall?",1874,"Extremely Dissatisfied",.0538000000,"Very Dissatisfied",.0538000000,"Somewhat Dissatisfied",.1604000000,Neutral,.0939000000,"Somewhat Satisfied",.2340000000,"Very Satisfied",.3079000000,"Extremely Satisfied",.0459000000
1264,2018-08-01,"MBTA Customer Opinion Panel","How would you rate your most recent trip?",1740,"Extremely Dissatisfied",.0522000000,"Very Dissatisfied",.0522000000,"Somewhat Dissatisfied",.0867000000,Neutral,.1142000000,"Somewhat Satisfied",.1550000000,"Very Satisfied",.4115000000,"Extremely Satisfied",.1199000000
1265,2018-08-01,"MBTA Customer Opinion Panel","The mbta provides reliable public transportation services.",1549,"Strongly Disagree",.1078000000,Disagree,.1078000000,"Slightly Disagree",.1699000000,"Neither Agree nor Disagree",.0999000000,"Slightly Agree",.2528000000,Agree,.1765000000,"Strongly Agree",.0381000000
1266,2018-08-01,"MBTA Customer Opinion Panel","How satisfied are you with the MBTA's communication overall?",1873,"Extremely Dissatisfied",.0508000000,"Very Dissatisfied",.0508000000,"Somewhat Dissatisfied",.1593000000,Neutral,.1448000000,"Somewhat Satisfied",.2234000000,"Very Satisfied",.2770000000,"Extremely Satisfied",.0445000000
