survey_id,survey_date,survey_name,question_description,response_total,response_1_text,response_1_percent,response_2_text,response_2_percent,response_3_text,response_3_percent,response_4_text,response_4_percent,response_5_text,response_5_percent,response_6_text,response_6_percent,response_7_text,response_7_percent
1226,2018-09-01,"MBTA Customer Opinion Panel","How would you rate the mbta overall?",1691,"Extremely Dissatisfied",.0672000000,"Very Dissatisfied",.0672000000,"Somewhat Dissatisfied",.1369000000,Neutral,.0972000000,"Somewhat Satisfied",.2471000000,"Very Satisfied",.3024000000,"Extremely Satisfied",.0388000000
1227,2018-09-01,"MBTA Customer Opinion Panel","How would you rate your most recent trip?",1691,"Extremely Dissatisfied",.0708000000,"Very Dissatisfied",.0708000000,"Somewhat Dissatisfied",.1114000000,Neutral,.1228000000,"Somewhat Satisfied",.1472000000,"Very Satisfied",.3452000000,"Extremely Satisfied",.1166000000
1228,2018-09-01,"MBTA Customer Opinion Panel","The mbta provides reliable public transportation services.",1691,"Strongly Disagree",.1228000000,Disagree,.1228000000,"Slightly Disagree",.1765000000,"Neither Agree nor Disagree",.0878000000,"Slightly Agree",.2650000000,Agree,.1849000000,"Strongly Agree",.0334000000
1229,2018-09-01,"MBTA Customer Opinion Panel","How satisfied are you with the MBTA's communication overall?",1691,"Extremely Dissatisfied",.0557000000,"Very Dissatisfied",.0557000000,"Somewhat Dissatisfied",.1506000000,Neutral,.1344000000,"Somewhat Satisfied",.2655000000,"Very Satisfied",.2494000000,"Extremely Satisfied",.0430000000
1267,2018-09-01,"MBTA Customer Opinion Panel","How would you rate the mbta overall?",1691,"Extremely Dissatisfied",.0672000000,"Very Dissatisfied",.0672000000,"Somewhat Dissatisfied",.1369000000,Neutral,.0972000000,"Somewhat Satisfied",.2471000000,"Very Satisfied",.3024000000,"Extremely Satisfied",.0388000000
1268,2018-09-01,"MBTA Customer Opinion Panel","How would you rate your most recent trip?",1691,"Extremely Dissatisfied",.0708000000,"Very Dissatisfied",.0708000000,"Somewhat Dissatisfied",.1114000000,Neutral,.1228000000,"Somewhat Satisfied",.1472000000,"Very Satisfied",.3452000000,"Extremely Satisfied",.1166000000
1269,2018-09-01,"MBTA Customer Opinion Panel","The mbta provides reliable public transportation services.",1691,"Strongly Disagree",.1228000000,Disagree,.1228000000,"Slightly Disagree",.1765000000,"Neither Agree nor Disagree",.0878000000,"Slightly Agree",.2650000000,Agree,.1849000000,"Strongly Agree",.0334000000
1270,2018-09-01,"MBTA Customer Opinion Panel","How satisfied are you with the MBTA's communication overall?",1691,"Extremely Dissatisfied",.0557000000,"Very Dissatisfied",.0557000000,"Somewhat Dissatisfied",.1506000000,Neutral,.1344000000,"Somewhat Satisfied",.2655000000,"Very Satisfied",.2494000000,"Extremely Satisfied",.0430000000
