survey_id,survey_date,survey_name,question_description,response_total,response_1_text,response_1_percent,response_2_text,response_2_percent,response_3_text,response_3_percent,response_4_text,response_4_percent,response_5_text,response_5_percent,response_6_text,response_6_percent,response_7_text,response_7_percent
1238,2018-12-01,"MBTA Customer Opinion Panel","How would you rate the mbta overall?",1300,"Extremely Dissatisfied",.0591000000,"Very Dissatisfied",.0591000000,"Somewhat Dissatisfied",.1164000000,Neutral,.0863000000,"Somewhat Satisfied",.2691000000,"Very Satisfied",.3302000000,"Extremely Satisfied",.0362000000
1239,2018-12-01,"MBTA Customer Opinion Panel","How would you rate your most recent trip?",1293,"Extremely Dissatisfied",.0496000000,"Very Dissatisfied",.0496000000,"Somewhat Dissatisfied",.0983000000,Neutral,.1003000000,"Somewhat Satisfied",.1553000000,"Very Satisfied",.4219000000,"Extremely Satisfied",.1105000000
1240,2018-12-01,"MBTA Customer Opinion Panel","The mbta provides reliable public transportation services.",1290,"Strongly Disagree",.1054000000,Disagree,.1054000000,"Slightly Disagree",.1665000000,"Neither Agree nor Disagree",.1062000000,"Slightly Agree",.2877000000,Agree,.1896000000,"Strongly Agree",.0261000000
1241,2018-12-01,"MBTA Customer Opinion Panel","How satisfied are you with the MBTA's communication overall?",1300,"Extremely Dissatisfied",.0583000000,"Very Dissatisfied",.0583000000,"Somewhat Dissatisfied",.1138000000,Neutral,.1224000000,"Somewhat Satisfied",.2815000000,"Very Satisfied",.2642000000,"Extremely Satisfied",.0466000000
1279,2018-12-01,"MBTA Customer Opinion Panel","How would you rate the mbta overall?",1300,"Extremely Dissatisfied",.0591000000,"Very Dissatisfied",.0591000000,"Somewhat Dissatisfied",.1164000000,Neutral,.0863000000,"Somewhat Satisfied",.2691000000,"Very Satisfied",.3302000000,"Extremely Satisfied",.0362000000
1280,2018-12-01,"MBTA Customer Opinion Panel","How would you rate your most recent trip?",1293,"Extremely Dissatisfied",.0496000000,"Very Dissatisfied",.0496000000,"Somewhat Dissatisfied",.0983000000,Neutral,.1003000000,"Somewhat Satisfied",.1553000000,"Very Satisfied",.4219000000,"Extremely Satisfied",.1105000000
1281,2018-12-01,"MBTA Customer Opinion Panel","The mbta provides reliable public transportation services.",1290,"Strongly Disagree",.1054000000,Disagree,.1054000000,"Slightly Disagree",.1665000000,"Neither Agree nor Disagree",.1062000000,"Slightly Agree",.2877000000,Agree,.1896000000,"Strongly Agree",.0261000000
1282,2018-12-01,"MBTA Customer Opinion Panel","How satisfied are you with the MBTA's communication overall?",1300,"Extremely Dissatisfied",.0583000000,"Very Dissatisfied",.0583000000,"Somewhat Dissatisfied",.1138000000,Neutral,.1224000000,"Somewhat Satisfied",.2815000000,"Very Satisfied",.2642000000,"Extremely Satisfied",.0466000000
