Field,Definition
GTFS route_id,GTFS route_id for the bus route
GTFS direction_id,"0 or 1; typically 0 indicates outbound, 1 indicates inbound"
Trip Start Time,scheduled start time for the trip
Year,"Fiscal Year, e.g. FY2016"
Day Type,"Weekday, Saturday, or Sunday; holidays are excluded from the data"
Boardings,"Average daily boardings by fiscal year for each bus route, direction, and trip"
Alightings,"Average daily alightings by fiscal year for each bus route, direction, and trip"
Max Load,"Maximum daily load from this stop (after taking into account boardings and alightings) by fiscal year for each bus route, direction, and trip"
Route_Variant,Named variant for the trip
Block,block id for the trip
Samples,The number of times the trip was sampled by a bus with Automatic Passenger Counters (APCs) and met validity criteria. It does not always equal the number of samples for each stop.
