Field,Defintion
Station_Name,GTFS stop name for the station
GTFS_stop_id,GTFS stop id for station; usually provided as the parent station id
Date,date for which the entries are provided; not all dates in the month are guaranteed to be provided
Time Period,"Start time of the 15-minute time period, e.g. 4:45:00AM - 4:59:59AM is listed as '445'. Times that are within the service date, but after midnight are listed as e.g. 2500 for 1:00:00AM - 1:14:59AM"
Station Entries,unscaled station entries for gated subway and light rail station for date and 15-minute increment
